subject,mag_prec1,risk_diff1,risk_prec1,mag_noise1,risk_noise1,int_mag1,int_diff1,int_risk1,riskav_mag1,riskav_risk1,risk1_prior,risk1_beta,risk1_bias,mag_prec2,risk_diff2,risk_prec2,mag_noise2,risk_noise2,int_mag2,int_diff2,int_risk2,riskav_mag2,riskav_risk2,risk2_prior,risk2_beta,risk2_bias,mag_prec3,risk_diff3,risk_prec3,mag_noise3,risk_noise3,int_mag3,int_diff3,int_risk3,riskav_mag3,riskav_risk3,risk3_prior,risk3_beta,risk3_bias,NF1_L_r,NF1_R_r,NF2_L_r,NF2_R_r,NINS_L_r,NINS_R_r,NPC1_L_r,NPC1_R_r,NPC2_L_r,NPC2_R_r,NPC3_L_r,NPC3_R_r,NTO_L_r,NTO_R_r,NF1_L_c,NF1_R_c,NF2_L_c,NF2_R_c,NINS_L_c,NINS_R_c,NPC1_L_c,NPC1_R_c,NPC2_L_c,NPC2_R_c,NPC3_L_c,NPC3_R_c,NTO_L_c,NTO_R_c,NF1_L_log,NF1_R_log,NF2_L_log,NF2_R_log,NINS_L_log,NINS_R_log,NPC1_L_log,NPC1_R_log,NPC2_L_log,NPC2_R_log,NPC3_L_log,NPC3_R_log,NTO_L_log,NTO_R_log,mag_precTest,risk_coinTest,risk_symbolTest,risk_symcoinTest,symcoin_symPrec,symcoin_Precdiff,symcoin_coinPrec,symcoin_symNoise,symcoin_coinNoise,symcoin_symInt,symcoin_diffint,symcoin_coinInt,symcoin_symprior,symcoin_coinprior,symcoin_symbeta,symcoin_coinbeta,symcoin_symbias,symcoin_coinbias,symcoin_symrnp,symcoin_coinrnp,NPC1_L_sd_run,NPC1_R_sd_run,NPC1_L_r_run,NPC1_R_r_run,NPC1_L_sd_trial,NPC1_R_sd_trial,NPC1_L_r_trial,NPC1_R_r_trial
1,3.632905,2.35984,5.992745,0.194639491,0.117993804,-0.020592,3.39605,3.375458,1.005684286,0.569351432,0.109113252,0.460956763,2.169400863,3.435145,1.76E-02,3.45E+00,0.205844813,2.05E-01,-0.01682405,2.69E+00,2.67E+00,1.004909637,0.461632665,0.145637502,3.35E-01,2.981350376,3.462265,5.11E-01,3.97E+00,0.204232426,1.78E-01,-0.0261123,2.72E+00,2.69E+00,1.007570483,0.508081923,0.140367566,3.83E-01,2.608075614,0.408831048,0.392764771,0.124103677,0.234196105,0.353545886,-0.170180353,0.448850778,0.435563248,0.657821992,0.345883434,0.417067638,0.512403153,0.350428132,0.600558751,5.7721987,4.653293,2.2119641,1.149421,10.148326,32.115376,3.1624331,1.4557766,3.5678692,5.39447,1.7729448,2.639994,4.7956095,5.941614,1.7530531,1.5375751,0.7938809,0.13925831,2.3173087,3.4693348,1.1513417,0.37553948,1.2719686,1.6853744,0.5726419,0.9707766,1.5677009,1.7819809,3.42698,3.42E+00,5.840685,3.94E+00,5.283915,-1.52E+00,3.761145,0.133822513,0.188003063,2.99673,-1.27E-01,2.87E+00,0.122966518,0.135020539,0.457799495,0.340276408,2.184362394,2.938787341,0.567144035,0.466256745,0.722696722,0.453235865,0.448,0.433,1.446258092,1.707575276,0.218,0.233
2,3.39896,1.97421,5.37317,0.208036217,0.131599555,0.1176045,3.110265,3.2278695,0.965991598,0.548406548,0.114814417,0.432196967,2.313759874,3.38174,8.99E-01,4.28E+00,0.209095549,1.65E-01,0.1009465,2.24E+00,2.34E+00,0.970590663,0.578442391,0.157104331,0.47550195,2.103040797,3.425095,1.43E+00,4.85E+00,0.206448808,1.46E-01,0.121166,2.64E+00,2.76E+00,0.965242462,0.566076954,0.133564665,0.455606767,2.194875213,0.002628077,0.027456961,0.685575887,0.146165862,0.208962765,0.308202804,0.634239336,0.442304675,0.300603897,0.39520526,0.503716663,0.038979171,0.677410974,0.270066278,6.0439982,4.1382723,3.1706152,6.3028245,4.8375907,34.38617,5.2927155,3.017207,5.244677,6.4859185,2.7945068,1.8805856,6.9882784,4.1189957,1.7990657,1.4202784,1.1539257,1.8409978,1.5764169,3.5376544,1.6663314,1.1043315,1.6572137,1.8696334,1.0276556,0.6315832,1.9442343,1.4156094,3.256395,4.22E+00,5.297695,4.80E+00,5.21869,-6.32E-01,4.5864165,0.135495073,0.154174132,3.095185,-6.18E-01,2.48E+00,0.119560006,0.148330374,0.437765961,0.480689289,2.284325619,2.080345919,0.552613653,0.582669342,0.918727273,0.904473108,0.631,0.454,2.466843507,2.43469116,0.215,0.281
3,2.65746,-1.145165,1.512295,0.266083697,0.467571989,0.163258,2.339725,2.502983,0.940415152,0.191075026,0.201685472,0.156872103,6.37461972,2.711355,-1.47E+00,1.24E+00,0.260794614,5.69E-01,0.156094,2.04E+00,2.19E+00,0.944055354,0.171310337,0.236521175,0.147331538,6.787413022,2.694005,-1.43E+00,1.26E+00,0.26247419,5.59E-01,0.160357,2.08E+00,2.24E+00,0.942213254,0.170788212,0.231705656,0.146619684,6.820366652,0.392641726,0.284514949,0.284757127,0.192168117,-0.03287035,-0.165616403,0.01101264,0.095163281,0.136024204,0.44209021,0.498045888,0.124106149,0.088248837,-0.13059935,4.9167643,5.833578,9.583912,7.209262,4.628122,30.744001,4.4605703,2.6485748,3.565366,3.370787,2.3073437,1.9814389,4.9368815,10.321536,1.5926507,1.7636305,2.2600858,1.9753666,1.5321511,3.425695,1.4952767,0.9740217,1.2712667,1.2151462,0.83609694,0.6838233,1.5967338,2.3342326,2.826185,1.25E+00,1.549675,1.27E+00,1.556275,-5.09E-01,1.0475205,0.454358504,0.675029063,2.49588,-4.78E-01,2.02E+00,0.199693514,0.266462513,0.161893623,0.13481448,6.176895559,7.417600859,0.201140311,0.145746577,1.009783129,0.727950029,0.004,0.117,4.009574633,3.752295493,0.01,0.119
4,2.385795,1.85096,4.236755,0.296382037,0.166898199,-0.1135975,2.410055,2.2964575,1.048765867,0.581565212,0.160031992,0.479007198,2.087651299,2.383075,6.32E-01,3.01E+00,0.296720322,2.35E-01,-0.103071,2.39E+00,2.29E+00,1.044200229,0.46851548,0.169102428,0.341152658,2.93123907,2.372775,9.55E-01,3.33E+00,0.298008358,2.12E-01,-0.111985,2.28E+00,2.16E+00,1.048327245,0.521911402,0.173430826,0.400924404,2.494235798,0.427839893,0.387226172,0.399238267,0.247136366,0.033575116,-0.194172189,0.016140181,0.110244667,0.206564096,0.19518578,0.145312472,0.194372915,0.326885182,-0.07689153,3.3143058,8.974394,2.4810069,3.1601477,5.9627557,36.171715,2.905376,2.800419,2.4219053,4.331021,6.1717734,1.2141113,5.0507584,10.2775955,1.1982481,2.1943753,0.90866446,1.1506188,1.7855327,3.5882773,1.0665628,1.0297691,0.88455456,1.4658033,1.8199862,0.19401239,1.6195384,2.3299663,2.310595,3.07E+00,4.37585,3.38E+00,4.28751,-1.17E+00,3.114245,0.16492248,0.227055605,2.311415,3.02E-03,2.31E+00,0.158963773,0.166379374,0.481608696,0.349361098,2.076374466,2.86236792,0.583270464,0.475600288,0.91596876,0.799464239,0.062,0.138,2.269148838,2.12280313,0.1,0.09
5,2.579205,-0.3632735,2.2159315,0.274156874,0.319101372,-0.127531,1.04068,0.913149,1.050688703,0.662268917,0.416441318,0.63005982,1.587150883,2.65711,-5.70E-01,2.09E+00,0.266118746,3.39E-01,-0.124153,1.24E+00,1.12E+00,1.047833632,0.585131049,0.328019355,0.483542201,2.06807182,2.633055,-5.66E-01,2.07E+00,0.268549947,3.42E-01,-0.1238125,1.09E+00,9.65E-01,1.048145461,0.627129052,0.382934266,0.55628671,1.797634173,0.239344424,0.272023575,-0.001489815,0.329427721,0.036459268,-0.004826229,0.105211145,0.377448188,0.465773217,0.142818137,0.178140012,0.184173428,0.142583397,0.001794284,7.0544205,7.29074,6.0699825,1.1895248,8.873672,36.066975,9.776928,2.3029027,5.4510393,11.308047,13.36383,2.6289577,4.716927,11.644675,1.9536544,1.986605,1.8033557,0.17355387,2.1830885,3.5853777,2.2800252,0.83417034,1.6958063,2.4255147,2.5925517,0.9665875,1.5511576,2.454849,2.66566,2.13E+00,2.262235,2.09E+00,2.395245,-4.71E-01,1.92426,0.295212716,0.367469459,1.004805,-2.52E-02,9.80E-01,0.376222886,0.374916972,0.618921054,0.510030845,1.61571495,1.960665731,0.657375502,0.601059122,1.858911149,0.428763624,0.24,0.472,3.312891607,3.41079321,0.015,0.161
6,2.6901,-1.3283,1.3618,0.262855203,0.519244222,-0.108433,1.41347,1.305037,1.041131567,0.383537581,0.316530786,0.270930318,3.69098596,2.772145,-1.29E+00,1.48E+00,0.255075684,4.78E-01,-0.1064215,1.43E+00,1.33E+00,1.039135987,0.408071978,0.304588363,0.288783627,3.462800198,2.73506,-1.39E+00,1.35E+00,0.258534285,5.24E-01,-0.1048455,1.35E+00,1.25E+00,1.039078117,0.396995118,0.327008125,0.280292066,3.567707128,0.672683475,0.63729927,0.694549256,0.078226347,-0.098663647,0.016286637,0.491271386,0.397615624,0.586723133,0.278190256,0.537240843,0.286321574,0.497406345,0.136355107,1.5684847,2.9893816,1.3969156,4.743055,12.04025,34.237137,2.4939501,3.0176454,2.6045127,4.381052,2.228696,2.9291608,4.725607,3.573251,0.45010996,1.0950665,0.33426663,1.5566814,2.4882553,3.533311,0.91386783,1.1044768,0.9572456,1.4772888,0.8014167,1.074716,1.552996,1.2734759,2.860355,1.51E+00,1.380055,1.37E+00,1.478465,-1.92E-01,1.286186,0.478270897,0.549770236,1.37223,-2.30E-01,1.14E+00,0.298060399,0.353358519,0.279737855,0.292342424,3.574775396,3.420646195,0.395286259,0.411425476,0.905642691,0.964107238,0.501,0.468,2.727694209,1.978167054,0.158,0.213
7,2.84541,-0.745711,2.099699,0.248507871,0.336765785,-0.107176,2.630615,2.523439,1.038384642,0.30064958,0.176785355,0.216038589,4.628802679,2.868515,-1.56E+00,1.31E+00,0.246506217,5.39E-01,-0.102713,2.40E+00,2.30E+00,1.036455821,0.173627277,0.224729718,0.148093331,6.752498514,2.87581,-1.25E+00,1.62E+00,0.24588091,4.36E-01,-0.1062715,2.41E+00,2.30E+00,1.037644861,0.241909395,0.206402648,0.183078683,5.462132378,0.476018917,0.39543461,0.621804722,0.226379119,0.413695615,0.234675315,0.7351471,0.40899794,0.502735322,0.365105796,0.34531612,0.332491804,0.42217238,0.349547126,2.3235018,5.8670382,2.248184,1.3978277,4.1820283,37.713505,5.1166368,2.8625479,3.2054203,5.477645,4.9323335,1.5507176,5.0732074,3.8969703,0.84307545,1.7693499,0.8101228,0.33491942,1.4307964,3.6300182,1.6324973,1.051712,1.1648432,1.7006752,1.5958122,0.43871778,1.6239733,1.3601995,2.989635,1.33E+00,2.12497,1.65E+00,2.11411,-9.03E-01,1.211484,0.334470194,0.58366993,2.50945,-3.41E-01,2.17E+00,0.176976664,0.240418477,0.21873392,0.145056861,4.571764644,6.893848325,0.305135092,0.166976827,0.819988587,0.772176109,0.758,0.418,1.286143783,1.807551633,0.291,0.166
8,3.2817,1.292545,4.574245,0.215469659,0.15458437,-0.07693165,2.095015,2.01808335,1.023719559,0.643274383,0.184865154,0.588501297,1.699231598,3.26506,2.43E-01,3.51E+00,0.216567776,2.02E-01,-0.06482875,1.87E+00,1.81E+00,1.020053729,0.597422964,0.202865171,0.502136926,1.991488672,3.27792,5.99E-01,3.88E+00,0.215718133,1.82E-01,-0.07009175,1.93E+00,1.86E+00,1.02161325,0.61958869,0.198121454,0.542335173,1.843878194,0.255376551,0.143561616,0.001239068,0.177848277,0.178435337,-0.016122687,0.383255823,0.434821456,0.243224789,0.151956804,0.31365864,0.370771387,0.104356742,0.194121034,9.777858,6.917521,4.327061,3.870896,16.927498,34.156494,5.4289894,4.1674175,11.081903,14.247598,5.6691732,5.4502096,3.3805923,3.911512,2.2801204,1.9340575,1.4648886,1.3534861,2.8289394,3.5309527,1.691753,1.4272965,2.4053135,2.6565883,1.7350433,1.695654,1.218051,1.363924,3.22982,3.49E+00,4.51999,3.88E+00,4.48355,-9.26E-01,3.5571355,0.157711363,0.19878545,1.981045,-1.89E-01,1.79E+00,0.188260974,0.205020058,0.587617577,0.51543595,1.701787078,1.940105263,0.642847714,0.604276314,1.281202257,0.931920606,0.4,0.47,2.287437229,2.010553972,0.229,0.201
9,2.579285,-0.0496325,2.5296525,0.274148371,0.27952724,0.13001,2.70045,2.83046,0.950843834,0.326634791,0.153653172,0.232044322,4.309521523,2.650735,-3.48E-01,2.30E+00,0.26675876,3.07E-01,0.13647,2.15E+00,2.29E+00,0.949819005,0.36995948,0.18251446,0.261142914,3.829320828,2.618825,-3.04E-01,2.32E+00,0.270009176,3.05E-01,0.139736,2.32E+00,2.46E+00,0.948040287,0.346229335,0.173598494,0.244690528,4.086794898,0.683376101,0.450248612,0.416781196,0.286066829,0.25333226,-0.284801578,0.590600633,0.466671643,0.674956592,0.615730637,0.460890646,0.607244354,0.42991309,0.303661687,4.22371,4.439448,5.0434146,8.941663,9.720331,34.521328,4.4541683,6.065628,5.318574,4.458557,11.189136,5.979323,8.532114,15.855323,1.4407139,1.49053,1.6180834,2.1907215,2.2742198,3.5415773,1.4938403,1.802638,1.6712052,1.4948252,2.4149432,1.7883073,2.1438372,2.7635052,2.639095,2.33E+00,2.553205,2.34E+00,2.58387,-3.44E-01,2.2402635,0.273661903,0.315635541,2.81297,-6.06E-01,2.21E+00,0.15314868,0.188835089,0.238491366,0.263583002,4.193023912,3.793871357,0.33666549,0.373427816,1.254722508,1.829717059,0.498,0.37,2.714259167,3.594924662,0.28,0.154
10,2.623315,2.945225,5.56854,0.269547035,0.126982437,-0.0638606,3.22932,3.1654594,1.024642195,0.56640036,0.116433179,0.456742787,2.189416074,2.549735,7.74E-01,3.32E+00,0.277325597,2.13E-01,-0.07655435,2.26E+00,2.18E+00,1.030479712,0.519071659,0.172245062,0.395381192,2.529204775,2.583685,1.56E+00,4.14E+00,0.273681498,1.71E-01,-0.0580051,2.60E+00,2.55E+00,1.022704441,0.540764998,0.145823324,0.421032686,2.375112509,0.345770708,0.258501201,-0.158754887,0.114465868,-0.252262274,-0.053553517,-0.049821951,-0.172045381,-0.039925216,-0.41159976,-0.01691116,0.122670012,0.175282154,0.167682413,3.038913,3.6128159,8.02318,5.5741005,4.8866796,28.454285,3.750626,3.7055976,12.176489,3.498231,4.7567487,2.78179,8.749785,3.2886562,1.1114999,1.2844875,2.0823348,1.718131,1.586513,3.3482988,1.3219228,1.3098445,2.499507,1.2522573,1.5595644,1.0230947,2.1690292,1.190479,2.45118,3.40E+00,5.717965,4.20E+00,5.124895,-1.37E+00,3.75218,0.137974882,0.188452255,2.895115,-4.65E-01,2.43E+00,0.127244242,0.154170396,0.459606597,0.400934599,2.175773815,2.494172372,0.56841013,0.523310549,1.310958089,0.963249142,-0.082,-0.201,2.717547605,2.664111769,-0.035,-0.065
11,3.31628,0.515774,3.832054,0.213222883,0.184524222,0.2729755,3.872695,4.1456705,0.920982939,0.338971138,0.103692514,0.239995965,4.166736711,3.2968,-4.92E-01,2.80E+00,0.214482765,2.52E-01,0.2672415,2.84E+00,3.11E+00,0.922137553,0.329785499,0.139381263,0.234256243,4.268829665,3.329315,-8.34E-02,3.25E+00,0.212388068,2.18E-01,0.2679825,3.30E+00,3.56E+00,0.922662485,0.333517229,0.121350763,0.236562343,4.227215493,0.075553912,0.456053586,0.369475457,0.5205547,0.232602449,-0.150127456,0.374471482,0.394173611,-0.009105794,0.334355764,0.561597452,-0.099477389,-0.009925692,0.182160223,4.812945,10.399902,2.9875777,1.8894967,12.188748,37.107037,3.6725352,1.0079844,1.9349024,4.060611,1.2990402,2.88836,8.437784,10.797055,1.5713091,2.3417964,1.0944629,0.6363105,2.5005133,3.6138067,1.3008822,0.007952693,0.6600569,1.4013335,0.26162568,1.0606889,2.1327198,2.3792734,3.37106,2.74E+00,3.73888,3.19E+00,3.62998,-6.58E-01,2.972246,0.19479633,0.237903182,3.91654,-6.07E-01,3.31E+00,0.109658284,0.131178666,0.240640526,0.23315038,4.155576029,4.289077293,0.339954809,0.328373206,1.067136502,0.437910516,0.432,0.392,2.437937028,1.833127333,0.195,0.253
12,3.59533,-1.161125,2.434205,0.19667368,0.29048777,0.158166,1.170665,1.328831,0.956961549,0.57932052,0.276649252,0.475613859,2.102545966,3.551935,-1.89E+00,1.66E+00,0.199076498,4.25E-01,0.1041345,5.73E-01,6.77E-01,0.971107912,0.665265026,0.564312068,0.638079079,1.567203868,3.574015,-1.68E+00,1.90E+00,0.197846618,3.73E-01,0.1394805,7.53E-01,8.93E-01,0.961725437,0.624269714,0.413349705,0.551177922,1.814296182,0.138116402,0.224110801,0.281382231,0.122082742,0.281483125,-0.035702757,0.196281915,0.387701407,0.040727146,0.142172663,0.219584757,0.0614768,0.097825889,0.564724424,3.9430175,5.186357,2.3743424,2.910763,4.898347,31.927652,3.5293562,2.6729913,4.5729046,5.6956286,2.5971377,4.8503666,9.878051,6.861619,1.3719463,1.6460315,0.8647205,1.0684153,1.5888978,3.4634724,1.2611154,0.98319817,1.5201486,1.739699,0.95440996,1.5790542,2.2903152,1.9259434,3.94477,1.62E+00,2.373545,1.87E+00,2.313095,-8.14E-01,1.499387,0.30569725,0.471597247,1.22105,-6.78E-01,5.43E-01,0.300750558,0.751558859,0.491843712,0.717490675,2.033166177,1.393746336,0.589850716,0.6963739,1.003445615,0.783409575,0.167,0.356,1.612276158,1.88096602,0.186,0.186
13,2.928,3.03632,5.96432,0.241498218,0.118556144,0.078308,3.545125,3.623433,0.973609933,0.544701027,0.102421782,0.42737371,2.339872521,2.79235,3.22E-01,3.11E+00,0.253229997,2.27E-01,0.0920496,2.87E+00,2.96E+00,0.967572499,0.386410055,0.139186074,0.273233871,3.659868356,2.80873,8.82E-01,3.69E+00,0.251753206,1.92E-01,0.0832493,2.79E+00,2.87E+00,0.97079546,0.459016777,0.135715336,0.33317237,3.001449368,0.046692177,0.051704223,0.284989163,0.086622471,0.135096702,-0.038632717,-0.12939254,0.033920979,0.324023453,0.300267908,0.335306192,-0.017045572,0.156280243,-0.078340028,8.9724655,11.082646,9.188775,16.750223,15.654979,40.403748,6.536943,7.2294683,6.896086,10.75045,6.697097,7.7261534,12.068573,9.966731,2.1941605,2.4053805,2.2179825,2.8184116,2.750789,3.6989226,1.8774697,1.9781655,1.930954,2.3749475,1.9016742,2.0446112,2.4906049,2.2992527,2.719785,3.13E+00,5.963425,3.72E+00,5.37444,-1.78E+00,3.59662,0.131568458,0.196603139,3.28337,4.26E-02,3.33E+00,0.113111039,0.122836605,0.424991745,0.280766192,2.352986878,3.561682388,0.542849487,0.396632295,1.594569877,1.92130685,-0.156,0.032,3.363031552,3.637338438,-0.022,-0.104
14,2.63853,0.787865,3.426395,0.267992701,0.20637048,-0.01857585,4.403385,4.38480915,1.007065068,0.278116546,0.104115286,0.202886819,4.928856406,2.6385,-3.23E-01,2.32E+00,0.267995748,3.05E-01,-0.029725,2.82E+00,2.79E+00,1.01132957,0.299328177,0.15997283,0.215748637,4.635023482,2.634975,4.31E-02,2.68E+00,0.268354266,2.64E-01,-0.02458875,3.37E+00,3.35E+00,1.009375358,0.286766109,0.135123298,0.207588538,4.817221655,0.377822773,0.221406938,0.131226908,0.191729276,0.465294209,-0.049471427,0.258993969,-0.005646999,0.270149752,0.081641016,-0.04866319,0.112939133,-0.03873716,0.402040543,10.5356,12.766229,10.539996,14.347417,8.887559,37.431118,10.275474,7.2409673,17.201223,14.280847,9.00664,10.943453,7.4816527,6.9351034,2.35476,2.5468032,2.3551772,2.66357,2.1846523,3.6225023,2.3297598,1.9797548,2.8449805,2.6589193,2.197962,2.3927414,2.0124538,1.9365959,2.618845,2.35E+00,3.542795,2.72E+00,3.16026,-5.89E-01,2.5712485,0.223749559,0.275005228,4.038235,-9.49E-01,3.09E+00,0.112988295,0.144380568,0.203188127,0.216077177,4.921547404,4.627976056,0.278644826,0.300714113,2.884938209,1.550919633,0.326,0.037,2.954420813,3.437275258,0.131,0.112
15,3.443715,0.181454,3.625169,0.20533255,0.195054846,-0.0140845,3.37516,3.3610755,1.00409829,0.395679786,0.121649556,0.28003808,3.570942925,3.501035,-1.73E-01,3.33E+00,0.201970783,2.12E-01,-0.05092525,2.04E+00,1.99E+00,1.014652075,0.550494977,0.186084496,0.435174227,2.297930203,3.44195,-4.58E-01,2.98E+00,0.205437842,2.37E-01,-0.03208765,2.29E+00,2.26E+00,1.009366111,0.469007649,0.171153334,0.342764092,2.917458461,0.412610725,0.324779049,0.603948708,0.616326754,0.221249304,0.014496944,0.167039699,0.343194114,0.583884258,0.524003045,-0.010669791,0.491336274,0.364704646,0.528518587,10.16199,4.2775555,2.0905962,1.5103477,3.7821262,31.403868,3.1262205,1.3140866,3.500666,2.1025424,1.785846,2.47074,4.8268824,6.661483,2.3186543,1.4533817,0.7374493,0.4123399,1.3302864,3.4469311,1.1398247,0.2731418,1.2529532,0.74314725,0.5798923,0.9045177,1.5742007,1.8963422,3.534945,3.28E+00,3.59035,2.98E+00,3.45757,-1.60E-01,3.2975175,0.204509751,0.214436097,3.14929,-1.17E+00,1.98E+00,0.129133753,0.186989033,0.285052877,0.431944107,3.508121054,2.315114347,0.402186601,0.548213723,0.788994769,0.362775244,0.179,0.346,2.337722899,1.570421833,0.173,0.133
16,3.33053,1.96748,5.29801,0.212310588,0.133466487,-0.0768387,4.221115,4.1442763,1.023339207,0.457383702,0.094074739,0.331918281,3.012789761,3.21336,-1.45E-02,3.20E+00,0.220052151,2.21E-01,-0.0980853,2.20E+00,2.10E+00,1.030994858,0.518795299,0.178790797,0.395585656,2.527897524,3.254385,6.12E-01,3.87E+00,0.217278159,1.83E-01,-0.08520405,2.85E+00,2.77E+00,1.026527047,0.488575477,0.137899195,0.362177315,2.761078504,0.66421597,0.657993801,0.574853202,0.301663577,0.171006611,-0.099282019,0.528887492,0.62479438,0.573365039,0.462950311,0.61366096,0.60215236,0.465890281,0.125438226,3.4585276,2.5200782,8.028325,4.714927,6.672603,35.264874,2.5767214,2.160383,3.8170567,5.390805,2.3349473,1.6258911,6.7372055,5.164309,1.2408429,0.92428994,2.0829759,1.5507334,1.89801,3.5628874,0.9465178,0.7702855,1.3394796,1.6846946,0.8479893,0.48605603,1.9076452,1.6417713,3.20874,3.19E+00,5.24201,3.87E+00,4.553475,-1.01E+00,3.547455,0.155289484,0.199327907,3.458335,-1.11E+00,2.35E+00,0.111918795,0.160238873,0.341855836,0.392558295,2.925209678,2.547392359,0.467903326,0.516129229,0.557782811,0.502514874,0.576,0.659,1.983267063,1.777831638,0.464,0.494
17,2.60735,0.8092665,3.4166165,0.271197492,0.206961121,0.026595,3.62053,3.647125,0.989851832,0.343878496,0.117330911,0.243227506,4.111377101,2.6578,3.28E-01,2.99E+00,0.266049658,2.37E-01,0.03831115,3.09E+00,3.13E+00,0.985688783,0.350768239,0.135916508,0.247491006,4.040550877,2.668025,5.71E-01,3.24E+00,0.265030043,2.18E-01,0.0387347,3.37E+00,3.41E+00,0.985586762,0.348561542,0.124844807,0.246968311,4.04910248,-0.124808815,0.294965471,0.477501939,0.186855787,-0.174018358,-0.187941707,0.431358099,0.005150263,0.162972693,0.399549224,-0.042136183,0.019071631,0.154552171,0.263580079,6.3549285,9.960458,6.358608,6.236286,8.466061,33.93355,3.0874033,1.7389225,5.1056757,4.2615333,4.0101147,2.148136,6.5890226,5.4898643,1.8492306,2.298623,1.8498094,1.8303849,2.1360652,3.5244043,1.1273304,0.55326563,1.6303529,1.4496291,1.3888198,0.76460046,1.8854051,1.7029035,2.59016,3.03E+00,3.48224,3.27E+00,3.52447,-4.16E-01,3.108494,0.200627834,0.227475678,3.71269,-4.75E-01,3.24E+00,0.114743571,0.131084585,0.246474635,0.24929028,4.057212625,4.011387844,0.348748665,0.352922797,0.495262783,0.620846995,0.501,0.007,3.421864119,3.446479214,0.223,0.099
18,3.14378,1.687935,4.831715,0.224922476,0.146346956,-0.0326187,5.447315,5.4146963,1.010429644,0.326065427,0.080363834,0.231683075,4.316241059,3.028925,-2.60E-01,2.77E+00,0.2334514,2.55E-01,-0.03950895,3.66E+00,3.62E+00,1.013129328,0.27041037,0.127055828,0.198885606,5.028015954,3.097895,7.71E-01,3.87E+00,0.228253953,1.83E-01,-0.02442415,4.68E+00,4.66E+00,1.007915273,0.300036761,0.095852367,0.215285657,4.644991274,0.082302137,-0.080089514,0.097004808,0.125582149,-0.042368247,0.499674214,0.049787494,0.296228405,0.236165835,0.089415951,0.014471728,0.505159851,-0.15759238,0.205605551,32.951538,34.78935,26.882437,18.14369,33.595245,29.027685,14.694362,23.851507,28.907745,32.502563,20.40538,10.614034,36.380707,21.857409,3.495038,3.5493112,3.2914732,2.8983228,3.5143845,3.3682501,2.6874638,3.1718473,3.3641095,3.481319,3.0157986,2.3621771,3.5940385,3.08454,3.03001,2.79E+00,4.824815,3.88E+00,4.542105,-8.92E-01,3.6497575,0.155678211,0.193740757,5.08618,-4.47E-01,4.64E+00,0.085531271,0.09815321,0.231863585,0.20424312,4.312880792,4.896125757,0.326350028,0.280490079,1.336156865,2.960255707,0.416,0.298,2.054773497,2.516271135,0.19,0.145
19,2.327125,2.888435,5.21556,0.303854233,0.135576387,-0.0918186,3.27304,3.1812214,1.040244529,0.543379019,0.116718794,0.425671087,2.349231674,2.33006,1.48E+00,3.81E+00,0.303471491,1.86E-01,-0.0729658,3.27E+00,3.19E+00,1.03181046,0.432438587,0.124503112,0.309420068,3.231852439,2.338035,2.04E+00,4.38E+00,0.302436354,1.61E-01,-0.0795354,3.28E+00,3.20E+00,1.034603285,0.481903317,0.119795077,0.356349579,2.806233149,0.438166561,0.379492064,0.558809851,0.271906728,0.211328945,0.076792201,0.486871396,0.390778985,0.295240595,0.235398334,0.355477787,0.233182231,0.356898644,0.346379015,6.5773945,17.42306,6.107021,4.4426985,7.6853933,31.048822,2.9349415,3.4403412,9.112799,3.0896373,3.107542,3.4682114,4.2662296,2.948429,1.8836387,2.8577945,1.8094391,1.491262,2.0393217,3.435561,1.0766876,1.2355707,2.2096798,1.1280537,1.1338321,1.243639,1.4507304,1.0812725,2.19724,3.93E+00,5.443375,4.47E+00,5.46004,-1.17E+00,4.294465,0.129505788,0.164655383,3.367615,2.02E-01,3.57E+00,0.110421849,0.110985251,0.420959671,0.312401735,2.375524474,3.201006547,0.539682225,0.435569577,0.612179345,0.791300527,0.489,0.392,1.875805127,2.281665805,0.249,0.182
20,2.416865,2.209165,4.62603,0.292571898,0.152853912,0.127929,2.756975,2.884904,0.9484447,0.535998378,0.129097333,0.416336207,2.401904961,2.46693,1.71E+00,4.18E+00,0.286634311,1.69E-01,0.1450885,2.81E+00,2.95E+00,0.94288271,0.493294223,0.129028591,0.368250532,2.715542578,2.47637,2.03E+00,4.51E+00,0.285541652,1.57E-01,0.1382885,2.86E+00,3.00E+00,0.945687379,0.51437372,0.125480359,0.389790452,2.565481003,0.089614658,0.087921313,0.195594561,0.36423169,0.08427676,-0.141878569,0.247617559,0.392841171,0.330053365,0.237913091,0.57260134,-0.01385655,0.184535921,0.050377658,5.782255,6.539801,2.030862,1.0597296,5.96615,35.630188,3.1546013,1.5987704,2.0553625,1.8447378,1.0042998,2.4890795,3.7988796,2.328747,1.7547938,1.8779068,0.7084604,0.05801376,1.7861018,3.5731933,1.1488621,0.46923482,0.7204522,0.6123371,0.004290542,0.911913,1.3347062,0.84533036,2.321565,4.29E+00,4.710445,4.57E+00,4.98748,-5.63E-01,4.4245105,0.141776364,0.159815822,3.09269,-3.85E-03,3.09E+00,0.120326927,0.122978024,0.418708598,0.371909731,2.388295834,2.688824512,0.537895644,0.497520178,0.926701712,0.536083954,0.522,0.391,2.508260354,1.930992405,0.161,0.07
21,4.15227,1.80136,5.95363,0.170294027,0.118769017,-0.01411545,4.368165,4.35404955,1.003405238,0.481269987,0.088116773,0.355022253,2.816724843,4.00086,2.44E-01,4.24E+00,0.176738696,1.67E-01,-0.02842325,2.86E+00,2.83E+00,1.00712958,0.513019508,0.133100459,0.388462586,2.574250482,4.0572,9.25E-01,4.98E+00,0.174284428,1.42E-01,-0.02127625,3.50E+00,3.48E+00,1.005257846,0.497361068,0.109178106,0.371521983,2.69163077,-0.028093668,0.029393592,0.009645851,-0.232316184,-0.148479066,-0.191355611,-0.033868286,0.305472262,0.222689849,0.252385011,0.110732863,0.091872997,0.299983058,0.029885961,3.60937,2.4317317,6.865993,14.038216,6.6584806,27.92411,2.7678702,1.7403368,2.6589055,4.6767564,2.9477105,4.2492623,8.397946,8.558291,1.2835332,0.8886036,1.9265807,2.6417832,1.8958913,3.3294904,1.0180781,0.55407864,0.9779146,1.5426048,1.0810288,1.4467454,2.1279871,2.1469007,3.993125,4.09E+00,5.63243,4.84E+00,5.337695,-6.57E-01,4.680937,0.132474182,0.151060948,3.857595,-7.24E-01,3.13E+00,0.099195311,0.120250769,0.359256162,0.387885737,2.783529152,2.578078815,0.485435903,0.512033386,0.87187848,0.466958071,-0.04,0.314,2.807496262,2.440268118,0.17,0.199
22,3.29532,-0.573469,2.721851,0.214579094,0.259788938,0.219211,3.33232,3.551531,0.93564241,0.271220815,0.129481491,0.198982938,5.02555651,3.43077,-2.54E-01,3.18E+00,0.206107312,2.23E-01,0.248946,3.32E+00,3.57E+00,0.930007416,0.324647018,0.122087511,0.230610472,4.336316521,3.388025,-4.54E-01,2.93E+00,0.208707663,2.41E-01,0.2352025,3.31E+00,3.55E+00,0.932933167,0.298454762,0.125971356,0.214588631,4.660079135,0.671822043,0.520697402,0.46725071,0.369516014,0.497863848,-0.067877036,0.679597146,0.535644994,0.453966639,0.513822704,0.451143162,0.099003599,0.393714043,0.283026191,6.479931,3.9999275,1.7944447,3.6235354,6.038561,30.858791,3.2299511,1.1782058,4.0634885,4.4438744,2.726983,1.8295962,4.8606343,6.058652,1.8687098,1.3862762,0.5846956,1.2874502,1.7981657,3.4294217,1.172467,0.1639928,1.4020418,1.4915266,1.0031959,0.6040953,1.5811689,1.8014873,3.471225,3.06E+00,2.67472,2.89E+00,2.98213,3.54E-02,3.01750795,0.237114673,0.234334687,3.78026,-3.52E-01,3.43E+00,0.120340458,0.127535529,0.204819831,0.228515808,4.882339748,4.376064879,0.281495854,0.321039948,0.99880195,0.344883339,0.688,0.537,2.441041005,2.126781679,0.29,0.336
23,3.919035,0.5497165,4.4687515,0.1804288,0.158233632,0.133518,2.323455,2.456973,0.966504716,0.577058313,0.149676155,0.472229292,2.117615354,3.775845,-7.79E-01,3.00E+00,0.187271136,2.36E-01,0.0888357,1.32E+00,1.41E+00,0.976747241,0.625106607,0.261817823,0.551722872,1.812504159,3.81616,-3.26E-01,3.49E+00,0.18529275,2.03E-01,0.098462,1.67E+00,1.77E+00,0.974528681,0.602267269,0.207497612,0.510955172,1.957118852,0.365568195,0.351345551,0.294461995,0.469308062,0.235797078,0.048594823,0.265699152,0.152501974,0.433120245,0.442428889,0.024967771,-0.059227926,0.084251205,0.297070041,6.0511417,8.355242,4.921005,14.123215,8.058709,38.62137,4.0182457,2.1869304,7.79301,6.447685,7.6563783,6.3099747,7.593189,3.7886443,1.800247,2.122889,1.5935128,2.64782,2.0867534,3.6538057,1.3908454,0.7824989,2.0532272,1.8637211,2.0355392,1.8421316,2.0272517,1.3320082,3.980955,2.92E+00,4.2955,3.43E+00,4.02947,-1.01E+00,3.02089,0.175483818,0.234072337,2.179905,-8.00E-01,1.38E+00,0.168575596,0.268599307,0.479929517,0.568364391,2.083639294,1.759434644,0.582171325,0.633297566,0.998546145,0.42481358,0.098,0.147,3.090076265,3.12630653,0.018,0.12
24,2.2645,0.1628835,2.4273835,0.312257355,0.291304106,-0.08814805,4.001565,3.91341695,1.0396936,0.199449226,0.127629823,0.16104579,6.209414113,2.230705,-1.27E+00,9.61E-01,0.316988029,7.36E-01,-0.1162465,2.06E+00,1.95E+00,1.053493728,0.131705983,0.281883451,0.127920362,7.817363771,2.232905,-1.01E+00,1.22E+00,0.316675712,5.79E-01,-0.1114045,2.47E+00,2.36E+00,1.051157755,0.145096439,0.228107738,0.134357383,7.442836226,0.321718196,0.335984293,0.302878667,0.191228444,0.126134331,-0.02995954,0.38650121,0.21054215,0.10598581,0.221209623,0.314212064,0.425320669,0.318982948,0.198831779,2.4251504,5.65602,4.2003603,3.2421482,7.6554914,38.90524,4.008736,1.2639934,5.10242,8.0390625,2.0752013,4.742387,8.119252,6.8779454,0.8858935,1.7327205,1.4351703,1.1762362,2.0354233,3.661129,1.388476,0.23427606,1.629715,2.0843124,0.73005813,1.5565406,2.094238,1.9283199,2.270405,1.02E+00,2.61659,1.28E+00,1.917625,-8.51E-01,1.0667865,0.368740907,0.662838142,3.257325,-1.22E+00,2.04E+00,0.15663052,0.262678501,0.152851495,0.135732071,6.542297782,7.367455578,0.18293496,0.147656544,0.857680846,0.399906279,0.375,0.207,1.833426064,3.03372159,0.263,0.231
25,3.59513,-0.5095905,3.0855395,0.196684621,0.229167956,-0.01640545,3.711535,3.69512955,1.00457367,0.30192896,0.120573844,0.216804625,4.612447723,3.477985,-1.92E+00,1.56E+00,0.203309325,4.55E-01,-0.0546001,2.05E+00,1.99E+00,1.015822647,0.27758375,0.229462305,0.202762497,4.931878502,3.523845,-1.58E+00,1.94E+00,0.200663418,3.64E-01,-0.0453395,2.45E+00,2.40E+00,1.012949615,0.289492248,0.187758736,0.21015488,4.758395339,0.072993491,0.179373128,0.333372301,0.136950269,0.458492655,0.146559375,0.369176784,0.310637456,0.11811927,0.112604486,-0.077104009,0.380317201,0.230781715,0.295974068,3.9547172,3.9498773,7.317968,6.2886014,5.234641,34.387604,6.516309,3.6849406,5.737367,3.6321363,3.94179,3.4713507,13.357561,2.9202967,1.374909,1.3736845,1.9903327,1.8387387,1.6552982,3.5376961,1.8743081,1.3042544,1.7470005,1.289821,1.371635,1.2445438,2.5920825,1.0716852,3.82664,1.54E+00,3.02509,1.91E+00,2.546165,-9.53E-01,1.5933115,0.277714438,0.443796948,3.070945,-1.05E+00,2.02E+00,0.145455073,0.225201968,0.215269056,0.204770811,4.645349482,4.883508507,0.29936071,0.281410446,1.906111225,1.175399071,0.344,0.376,3.020776826,2.876209228,0.194,0.24
26,3.386025,-0.1988525,3.1871725,0.208830939,0.221860217,0.3083035,1.64718,1.9554835,0.912970464,0.541426444,0.190027348,0.423173551,2.36309665,3.431545,-6.85E-01,2.75E+00,0.206060763,2.57E-01,0.315367,2.00E+00,2.31E+00,0.912194234,0.431185872,0.171959261,0.309248072,3.233649909,3.391105,-6.41E-01,2.75E+00,0.208518103,2.57E-01,0.307006,1.71E+00,2.01E+00,0.913444435,0.481023733,0.19083189,0.355404501,2.813695376,0.063638951,0.046637147,0.470104174,-0.046925055,0.12073069,0.236376806,0.286127181,0.303163322,0.512400181,0.492318155,0.185133782,0.183105002,0.417539601,0.22975666,4.1814837,4.2053437,2.0490541,1.8288327,6.8539853,29.247343,3.551598,1.0161664,2.568451,2.418233,1.1663691,2.3072805,2.6926334,4.3646398,1.4306661,1.4363561,0.7173783,0.6036779,1.9248303,3.3757887,1.2673976,0.016037162,0.943303,0.8830371,0.15389557,0.8360696,0.99051964,1.4735357,3.53313,2.70E+00,3.139205,2.73E+00,3.24946,-7.03E-01,2.5463885,0.217607474,0.277690062,2.01637,1.01E-01,2.12E+00,0.184574432,0.187098392,0.418415794,0.312224083,2.389967142,3.202827888,0.537662284,0.435363651,0.81838992,0.484408152,0.44,0.291,2.424115423,2.214025223,0.233,0.174
27,2.67515,0.519599,3.194749,0.264324162,0.221334064,-0.1036825,2.97224,2.8685575,1.039518515,0.407425326,0.141166905,0.289161377,3.458276512,2.68568,-2.17E-01,2.47E+00,0.263287801,2.86E-01,-0.0926499,2.48E+00,2.39E+00,1.035099693,0.379662933,0.173312292,0.268588968,3.723161115,2.70204,6.34E-02,2.77E+00,0.261693676,2.56E-01,-0.0927699,2.65E+00,2.56E+00,1.034929472,0.396735576,0.159698728,0.280138096,3.569668005,0.251655206,0.387872173,0.4071576,0.248750343,0.238180522,0.409981469,0.493152976,0.557088741,0.452385032,0.403297371,0.232353868,0.298945815,0.272484583,0.531832233,10.261585,7.1843224,1.8717304,1.9444745,5.0177445,15.334941,5.548912,2.9916048,6.422718,6.0151005,3.6074867,3.5547106,6.7314725,2.1469178,2.3284073,1.9719012,0.62686336,0.66499174,1.6129805,2.730134,1.7136018,1.0958099,1.8598413,1.794273,1.2830113,1.2682737,1.906794,0.76403326,2.671985,2.51E+00,3.247895,2.79E+00,3.218455,-7.15E-01,2.503509,0.219703796,0.282446271,2.839765,-4.47E-01,2.39E+00,0.141867023,0.172496444,0.294260617,0.271658665,3.398348074,3.681090017,0.413814301,0.384524293,1.062542551,0.884320766,0.537,0.423,1.800502068,3.320670922,0.254,0.256
28,1.84014,0.150757,1.990897,0.384267926,0.355169947,-0.1039815,1.74951,1.6455285,1.058134429,0.437566675,0.240364759,0.314130775,3.183387558,1.9166,4.40E-01,2.36E+00,0.36893811,3.00E-01,-0.07192775,2.20E+00,2.13E+00,1.038241926,0.404723881,0.1904788,0.287310333,3.48055703,1.891525,2.29E-01,2.12E+00,0.373828938,3.33E-01,-0.08593655,1.92E+00,1.83E+00,1.046480277,0.421851733,0.218659385,0.30127062,3.31927488,0.405491313,0.14462924,-0.153779198,-0.072308488,0.310448297,-0.037409773,0.041706984,-0.022952061,-0.075248727,-0.092967034,0.090510173,0.102238278,0.345641265,0.106455599,9.406218,5.327341,9.923823,10.778436,12.942163,32.548553,19.227947,6.50129,14.46486,9.570329,5.3553424,8.848126,15.7242565,4.9222803,2.241371,1.6728523,2.2949383,2.3775475,2.5604904,3.482733,2.9563649,1.8720006,2.6717222,2.2586675,1.6780946,2.1802058,2.7552044,1.5937719,1.84593,2.43E+00,2.06424,2.16E+00,2.230155,-9.15E-02,2.13861825,0.317066204,0.330637215,1.83215,7.70E-02,1.91E+00,0.21552862,0.211741273,0.316039323,0.290838892,3.164163211,3.438329696,0.439756187,0.40954083,4.165012339,1.292523404,0.035,-0.067,3.788100282,4.94325723,0.027,-0.073
29,2.33724,0.90254,3.23978,0.302539226,0.218257654,-0.0681825,2.82718,2.7589975,1.029601906,0.426731503,0.144545897,0.30488167,3.27996104,2.386445,5.39E-01,2.93E+00,0.296301311,2.42E-01,-0.0520366,2.69E+00,2.64E+00,1.022044538,0.40536167,0.153673146,0.287364298,3.479903404,2.373495,7.28E-01,3.10E+00,0.297917957,2.28E-01,-0.0549273,2.76E+00,2.71E+00,1.023411801,0.417928522,0.148242126,0.297131001,3.365518901,-0.007569874,-0.12796421,0.327162357,-0.118624005,-0.052827793,0.158661571,0.128329095,-0.168010648,0.200163644,-0.045845789,0.126645537,-0.184054231,0.155798705,0.163427167,7.102833,9.817964,6.5034647,8.650468,9.316204,36.49847,8.9360285,12.123052,8.618182,11.088239,4.293809,11.216919,11.945783,8.883299,1.9604937,2.2842138,1.8723351,2.1576135,2.2317553,3.5972703,2.1900911,2.4951088,2.1538742,2.405885,1.4571742,2.4174232,2.4803784,2.1841729,2.30726,3.00E+00,3.31482,3.13E+00,3.407965,-4.87E-01,2.920883,0.207486515,0.24208665,2.87861,-2.47E-01,2.63E+00,0.138223824,0.154030193,0.307382684,0.288168846,3.253273699,3.47018775,0.429698606,0.406167268,2.641897564,2.976410698,0.223,-0.198,3.610995218,2.424062409,-0.071,-0.091
30,2.508585,3.238865,5.74745,0.281874755,0.123029653,0.0646053,2.98075,3.0453553,0.974575116,0.588686208,0.120595429,0.490009314,2.040777537,2.422745,5.37E-01,2.96E+00,0.291861827,2.39E-01,0.03160335,1.80E+00,1.84E+00,0.987040271,0.537668529,0.202330299,0.417480678,2.395320437,2.45109,1.31E+00,3.76E+00,0.288486666,1.88E-01,0.0453931,2.13E+00,2.18E+00,0.981650877,0.560590744,0.169352206,0.447958479,2.232349755,0.282465348,0.173398604,0.152252048,-0.088453264,0.053978441,0.073440189,-0.3385314,-0.013738038,-0.017228039,0.006234007,-0.272135473,0.010854176,0.245374704,-0.135551682,31.495535,26.914682,15.903099,16.587793,30.36155,30.736692,20.768356,14.611177,13.587091,26.78454,22.007404,15.169691,19.99517,21.524303,3.4498458,3.292672,2.766514,2.8086672,3.413177,3.4254572,3.0334306,2.6817868,2.6091201,3.2878249,3.091379,2.7192993,2.9954908,3.0691826,2.34178,3.01E+00,5.936135,3.81E+00,4.960915,-1.66E+00,3.305345,0.142535557,0.213928283,2.60219,-5.64E-01,2.04E+00,0.14111233,0.182424419,0.494982545,0.421014594,2.020273261,2.375214574,0.591828539,0.53972565,1.054866826,1.308928816,0.263,0.105,3.105742706,3.158989003,0.245,0.074
31,3.550115,-0.632693,2.917422,0.199178557,0.242373843,-0.08028735,2.60973,2.52944265,1.02287309,0.42020485,0.158467649,0.29946186,3.339323407,3.58001,-1.18E+00,2.40E+00,0.197515309,2.94E-01,-0.0508557,2.60E+00,2.55E+00,1.01430684,0.345646211,0.167426219,0.244886358,4.083526769,3.557165,-1.04E+00,2.51E+00,0.198783801,2.81E-01,-0.0693119,2.51E+00,2.44E+00,1.019676226,0.379400014,0.169925849,0.267766325,3.734599565,0.171789512,0.36327914,0.51439442,0.356514612,0.102026643,0.197060599,0.190019815,0.513187841,0.150072959,-0.068357297,0.01836097,-0.050398374,0.16037497,0.474058064,7.1951876,7.2045107,7.5871544,5.3300366,7.863076,31.57796,6.5762095,5.978308,3.7889853,3.6290038,7.3687615,2.163032,4.4137907,4.1368346,1.9734124,1.9747074,2.0264566,1.6733581,2.062178,3.4524593,1.8834585,1.7881377,1.3320982,1.2889582,1.9972496,0.77151096,1.4847339,1.4199309,3.82321,2.36E+00,2.88792,2.50E+00,2.9474,-7.05E-01,2.2421185,0.239908659,0.315374402,2.553155,-1.65E-01,2.39E+00,0.156955812,0.179058756,0.299729162,0.243775048,3.336345362,4.102142568,0.420529883,0.344703978,2.152099517,1.470364067,0.154,0.578,3.294871982,2.349452734,0.2,0.286
32,2.80472,-0.5399235,2.2647965,0.252113145,0.312216476,0.0179907,2.37687,2.3948607,0.993606091,0.347347817,0.178112627,0.245536482,4.072714532,2.860195,-6.06E-01,2.25E+00,0.247223277,3.14E-01,0.032555,1.99E+00,2.02E+00,0.98868244,0.408389984,0.200409067,0.289448355,3.454847751,2.84313,-6.97E-01,2.15E+00,0.248707158,3.29E-01,0.02553565,2.08E+00,2.10E+00,0.991058686,0.375712236,0.197918229,0.265727751,3.76325016,0.342769296,0.547838519,0.183036286,0.364886879,-0.110145565,-0.004772064,0.405467445,0.129268674,-0.051823473,0.065354371,0.385076131,0.188066494,0.00689556,0.129251987,3.2572272,2.2241044,7.1858144,4.301658,7.6052985,29.769453,1.8710893,1.782027,5.472781,2.860695,1.2130117,4.2939453,10.763654,9.206929,1.1808763,0.7993543,1.9721088,1.4590006,2.028845,3.3934827,0.6265208,0.57775146,1.6997869,1.0510646,0.19310631,1.457206,2.3761752,2.2199564,2.901515,2.28E+00,2.260375,2.14E+00,2.345555,-2.22E-01,2.1239695,0.301466724,0.332917578,2.44292,-5.58E-01,1.89E+00,0.173721988,0.21406633,0.249289208,0.292511364,4.0114051,3.418670603,0.352921216,0.411636566,0.544647414,0.639869333,0.401,0.138,2.929639586,2.691128176,0.189,0.146
33,3.119225,-0.203272,2.915953,0.226693099,0.242495946,-0.1263065,2.150685,2.0243785,1.041323928,0.49945264,0.187430636,0.373986483,2.673893434,3.18386,-6.32E-01,2.55E+00,0.222091041,2.77E-01,-0.1215815,1.83E+00,1.71E+00,1.03892531,0.512571709,0.220367682,0.387593267,2.580024176,3.145015,-4.90E-01,2.65E+00,0.224834152,2.66E-01,-0.1166675,1.92E+00,1.80E+00,1.037792652,0.507743522,0.209769873,0.383440482,2.607966676,0.141922964,0.076849613,0.09705079,0.074214395,0.134132974,0.201958077,0.132857361,0.211065856,0.255385816,0.497552417,0.374131119,0.306636002,0.292083912,0.024699893,10.263908,7.5073457,7.3951187,4.990967,13.534005,33.5182,6.0562277,4.010965,5.19295,9.040515,5.6109695,2.4272046,11.8262,7.783144,2.3286338,2.015882,2.0008202,1.6076297,2.6052055,3.5120885,1.8010871,1.3890319,1.6473019,2.2017162,1.7247236,0.8867402,2.4703174,2.0519605,3.213535,2.56E+00,2.93542,2.66E+00,2.95154,-5.34E-01,2.4171145,0.239572149,0.292541698,2.02248,-4.27E-01,1.60E+00,0.187121396,0.23558442,0.37890605,0.393392101,2.639176653,2.541993084,0.503974943,0.516853274,1.506870952,1.106314276,0.125,0.224,2.591171422,2.945293293,0.156,0.243
34,2.82284,1.884515,4.707355,0.250494814,0.150213184,-0.09826715,3.04373,2.94546285,1.03542446,0.534878829,0.1265042,0.414944969,2.409958125,2.796715,3.10E-01,3.11E+00,0.252834765,2.28E-01,-0.0718794,3.37E+00,3.30E+00,1.026034495,0.34562206,0.129532213,0.24400758,4.098233348,2.772275,3.70E-01,3.14E+00,0.255063722,2.25E-01,-0.09298245,2.71E+00,2.62E+00,1.034108937,0.434579013,0.151319324,0.311435628,3.210936415,0.240120212,0.205081204,0.404789746,0.183732471,0.137431206,-0.006950904,0.351763763,0.180369385,0.300124073,0.385728161,0.134649282,0.424036355,0.281420278,0.226711205,4.9372396,4.54079,5.0313287,5.6015363,10.956693,23.677073,2.9884822,2.0019112,5.147,8.385056,7.6923094,2.9697351,4.9786215,2.2985203,1.5968064,1.513101,1.6156842,1.7230409,2.3939505,3.1645072,1.0947657,0.6941023,1.638414,2.126451,2.040221,1.0884727,1.6051531,0.83226556,2.72444,3.15E+00,4.77858,3.16E+00,4.746855,-1.46E+00,3.286735,0.148963215,0.215139578,2.9902,4.41E-01,3.43E+00,0.124735001,0.123788417,0.412166633,0.248724522,2.426203191,4.020512301,0.532627554,0.352087695,0.778888719,0.659919633,0.436,0.207,1.945206246,1.516471492,0.192,0.111
35,3.82076,2.04527,5.86603,0.185069667,0.120542647,0.0295872,2.63859,2.6681772,0.992286106,0.634541687,0.139016932,0.570816756,1.751875694,3.50606,-6.90E-01,2.82E+00,0.201681312,2.51E-01,0.02954065,1.94E+00,1.97E+00,0.991609798,0.497221,0.192887592,0.371289063,2.693319303,3.55122,-1.66E-01,3.39E+00,0.19911658,2.09E-01,0.03120135,1.93E+00,1.96E+00,0.991252392,0.559766935,0.188352476,0.448177187,2.231260378,,,,,,,,,,,,,,,,,,,,,,,,,,,,,,,,,,,,,,,,,,,3.6043,2.78E+00,5.620225,3.34E+00,4.808885,-1.85E+00,2.961405,0.147041732,0.238774089,2.211045,-1.82E-01,2.03E+00,0.167475282,0.186502409,0.56469496,0.378917026,1.770867585,2.639100203,0.631420461,0.503984947,1.316246529,0.594951679,0.35,0.428,2.991540813,2.561244791,0.206,0.268
36,3.981695,1.0459,5.027595,0.177589389,0.140645136,0.189646,4.28995,4.479596,0.953487023,0.41024458,0.090192039,0.291399324,3.431716958,3.739625,-7.76E-01,2.96E+00,0.189084943,2.39E-01,0.151054,2.47E+00,2.63E+00,0.960412096,0.412380769,0.153516246,0.292077737,3.42374606,3.810715,-1.68E-01,3.64E+00,0.185557509,1.94E-01,0.1650285,3.06E+00,3.23E+00,0.957617893,0.412364601,0.124885453,0.292986663,3.413124642,,,,,,,,,,,,,,,,,,,,,,,,,,,,,,,,,,,,,,,,,,,3.945565,2.86E+00,4.76716,3.57E+00,4.19928,-1.00E+00,3.195785,0.168387624,0.221262313,3.697265,-8.88E-01,2.81E+00,0.10889619,0.143250087,0.29489089,0.295355451,3.391084754,3.385750953,0.41459542,0.415169972,1.259078745,2.050426689,0.319,0.258,3.41289236,3.024021099,0.13,0.234
37,3.863355,-1.2651,2.598255,0.183029202,0.272146799,-0.06848115,2.180115,2.11163385,1.017883859,0.443653103,0.1864639,0.31947013,3.130183096,3.99269,-1.27E+00,2.73E+00,0.177100346,2.59E-01,-0.0457215,2.38E+00,2.33E+00,1.011517119,0.42475686,0.171263137,0.304226064,3.287029344,3.92391,-1.31E+00,2.61E+00,0.180204638,2.71E-01,-0.056415,2.21E+00,2.16E+00,1.014481091,0.437524144,0.183192333,0.313638279,3.188386327,0.348553375,0.326618034,0.15643037,0.016184731,0.233859364,-0.158453265,0.629202503,0.532434135,0.120590946,0.279220034,0.228507849,0.05140864,0.534119935,0.685648075,5.4746284,4.4636374,5.1374755,12.336841,4.791333,30.776707,3.0535889,1.8012167,4.561005,2.6793332,2.7327712,5.4255786,3.930218,3.0131862,1.7001244,1.4959639,1.6365618,2.51259,1.5668087,3.426758,1.1163176,0.5884624,1.5175431,0.985568,1.0053161,1.6911246,1.3686949,1.102998,4.344655,2.67E+00,2.547105,2.55E+00,2.72434,-2.65E-01,2.4593415,0.259551591,0.287518745,2.19783,-1.13E-01,2.09E+00,0.178802428,0.191013874,0.32183577,0.306213014,3.107174817,3.265700518,0.446311334,0.428314432,0.700746074,0.442358456,0.633,0.532,2.335243596,0.973758386,0.203,0.158
38,3.448615,-1.82871,1.619905,0.205040801,0.436511265,0.07176795,2.816125,2.88789295,0.979404389,0.16817427,0.180223884,0.145638285,6.866326376,3.47032,-2.18E+00,1.29E+00,0.20375838,5.48E-01,0.04831915,1.78E+00,1.82E+00,0.986172941,0.24327608,0.260289183,0.184077267,5.432501345,3.44614,-2.26E+00,1.19E+00,0.20518806,5.94E-01,0.0438211,1.99E+00,2.04E+00,0.987364511,0.180609076,0.251003807,0.151507974,6.600312655,0.770808001,0.287552844,0.626320968,0.103729563,-0.122557966,0.073643191,0.43160904,0.700988994,0.392414787,0.516543099,0.583722425,0.152487025,0.319275852,0.246130426,2.0187955,4.1911654,2.1659322,3.2866395,9.13678,30.055052,1.6961186,2.0898077,4.291363,4.397183,2.0079155,2.4970558,3.7560408,6.7774205,0.70250106,1.4329789,0.7728508,1.1898656,2.212308,3.4030309,0.5283425,0.73707205,1.4566044,1.4809641,0.6970971,0.9151123,1.3233654,1.9135966,3.81892,1.28E+00,1.572625,1.18E+00,1.45636,-2.92E-01,1.1640065,0.485530213,0.60747666,2.664685,-9.65E-01,1.70E+00,0.197443535,0.282457298,0.141902474,0.177763691,7.047093492,5.625445757,0.16046356,0.232102636,0.445996159,0.637840187,0.438,0.706,2.475892684,2.339480753,0.275,0.25
39,2.51308,-1.75315,0.75993,0.281370582,0.930489362,0.008065775,1.215635,1.223700775,0.996795627,0.199831471,0.407966573,0.161237277,6.202039726,2.6081,-1.59E+00,1.02E+00,0.271119505,6.94E-01,0.04934845,1.64E+00,1.69E+00,0.981256657,0.190017925,0.298970535,0.156533007,6.38842898,2.58235,-1.79E+00,7.93E-01,0.273822983,8.92E-01,0.0298248,1.34E+00,1.37E+00,0.988516959,0.178603317,0.375057957,0.150233464,6.656306593,0.10228965,-0.07856315,0.167985391,0.416996842,0.163116085,-0.149789085,0.265552996,0.38810551,0.470397073,0.540313912,0.402312428,0.387791048,0.349322461,0.1843128,5.1289344,3.1122727,7.1457753,5.7842593,9.005462,39.95052,6.301589,1.9223429,3.269187,3.8075647,4.273079,1.8776946,6.421383,8.650574,1.634898,1.1353532,1.9665213,1.7551403,2.1978312,3.6876416,1.8408018,0.6535447,1.1845413,1.3369898,1.4523346,0.63004476,1.8596334,2.1576257,2.70869,1.04E+00,0.7647975,8.10E-01,0.8878215,-1.47E-01,0.7407345,0.796451518,0.954602197,1.325005,8.70E-02,1.41E+00,0.365509903,0.379059001,0.173970352,0.136201317,5.748105856,7.342072925,0.224827296,0.148632856,1.421569817,0.50538005,0.25,0.39,1.26287048,2.474244716,0.265,0.199
40,3.375645,0.805364,4.181009,0.209473088,0.169123477,0.15902,2.376995,2.536015,0.953984329,0.545225538,0.146309918,0.428051858,2.336165542,3.34891,-1.82E-01,3.17E+00,0.211145352,2.23E-01,0.1530055,2.04E+00,2.19E+00,0.955339839,0.500662566,0.173076702,0.37592666,2.660093328,3.334235,1.08E-01,3.44E+00,0.212074668,2.05E-01,0.1502685,2.11E+00,2.26E+00,0.955932133,0.51814152,0.166083668,0.396268731,2.523540019,0.103205077,0.450713867,0.410809699,0.214676883,-0.059603234,0.048937592,0.05321617,0.196384987,-0.184835272,0.139880745,0.459270822,0.203269026,-0.180572961,0.061088892,4.2975664,4.5787377,5.2921915,7.3451567,9.775465,36.704258,5.932689,2.9540954,4.3523874,2.655421,2.6655645,3.7172935,11.056783,3.898609,1.4580489,1.5214233,1.6662325,1.9940411,2.2798758,3.6028929,1.7804776,1.0831925,1.4707246,0.9766032,0.9804159,1.3129958,2.403044,1.3606198,3.371725,3.10E+00,4.117915,3.43E+00,4.06587,-9.23E-01,3.1424895,0.173912786,0.225014843,2.45808,-2.95E-01,2.16E+00,0.150886871,0.175114216,0.429461837,0.377198591,2.328495606,2.651123371,0.546312383,0.502414129,1.503169411,0.8419713,0.289,0.2,2.914457605,2.482455168,0.081,0.143
41,3.147455,2.14392,5.291375,0.224659854,0.133633844,-0.04016085,4.41049,4.37032915,1.012841539,0.437825654,0.090485254,0.314355813,3.181108661,3.00435,-1.63E-01,2.84E+00,0.235360987,2.49E-01,-0.0669414,2.36E+00,2.30E+00,1.022531578,0.445470631,0.171036945,0.320571508,3.119428812,3.055685,5.36E-01,3.59E+00,0.231406962,1.97E-01,-0.0620097,2.98E+00,2.92E+00,1.020500531,0.443717491,0.134878875,0.31915601,3.13326389,0.149369053,0.046758802,0.247920543,-0.261790104,0.034895368,-0.230047927,0.169044615,0.623927151,0.413148585,0.506494518,0.30768126,0.23896131,0.499067666,0.277711253,8.143478,5.797269,3.37168,1.9458904,1.5766932,34.177296,2.821277,1.3760852,3.9380105,3.3484452,5.5091734,3.0426688,5.945522,6.0235043,2.0972173,1.7573869,1.2154112,0.6657197,0.45532972,3.5315616,1.0371896,0.31924263,1.3706757,1.2084961,1.7064146,1.112735,1.7826383,1.7956692,2.983465,2.84E+00,5.29227,3.60E+00,4.42876,-1.26E+00,3.17059,0.159662475,0.223020568,3.590045,-1.04E+00,2.55E+00,0.109601655,0.154151628,0.320294407,0.323298424,3.122127572,3.093117465,0.444581981,0.447943263,0.727769436,0.414382635,0.151,0.614,2.385506278,2.898545248,0.102,0.122
42,3.8707,2.10917,5.97987,0.182681887,0.118247852,0.137043,3.25491,3.391953,0.965214209,0.567094937,0.108640018,0.457729622,2.184695839,3.51464,-6.13E-01,2.90E+00,0.201188964,2.44E-01,0.0871155,1.95E+00,2.04E+00,0.975518197,0.495836058,0.186523872,0.368834987,2.711239542,3.59698,7.36E-02,3.67E+00,0.196583462,1.93E-01,0.1041895,2.26E+00,2.36E+00,0.971449661,0.525554475,0.158594377,0.40307215,2.480945409,0.004780576,-0.110180084,0.339128522,0.220997164,0.087163245,-0.099519253,0.05991914,0.13638768,0.195614385,0.254557571,0.272263539,0.069133109,0.077973378,0.152912525,7.055129,3.1768007,15.810573,6.9028435,9.8034935,35.29797,5.2859917,3.0474124,4.622987,7.459156,3.3283765,3.113787,5.859421,3.6374645,1.9537549,1.1558746,2.7606788,1.9319334,2.2827387,3.5638254,1.6650603,1.1142929,1.531041,2.0094423,1.2024846,1.1358397,1.7680508,1.2912868,3.65014,2.85E+00,5.71627,3.63E+00,4.83331,-1.69E+00,3.142825,0.146298661,0.224990822,2.749015,-5.70E-01,2.18E+00,0.13407732,0.174056585,0.456493547,0.374406586,2.190611468,2.670893188,0.566224594,0.499841853,0.927771567,0.828641733,0.048,0.136,3.803058767,2.847789625,0.043,-0.061
43,3.81622,-0.9313865,2.8848335,0.185289837,0.245111817,0.04155805,3.179175,3.22073305,0.989169233,0.327444608,0.134929934,0.232558986,4.299984355,3.964785,-7.57E-01,3.21E+00,0.178346816,2.20E-01,0.08064465,3.29E+00,3.37E+00,0.979865234,0.350116953,0.126213582,0.24762787,4.038317656,3.89981,-8.94E-01,3.01E+00,0.181318265,2.35E-01,0.05120485,3.20E+00,3.25E+00,0.986955735,0.339320814,0.132196669,0.240381411,4.160055449,0.283345837,0.543942374,0.41867292,0.008689085,-0.150973197,-0.009934669,0.197146486,0.265622514,-0.056617774,0.375124579,0.220780075,0.336654157,0.28069288,0.4976289,10.091767,7.977956,6.796066,8.069003,8.111391,37.385124,4.378937,5.2227044,10.867942,3.4335353,4.5522246,4.3133974,3.7471607,2.0240242,2.31172,2.0766823,1.9163439,2.0880299,2.0932693,3.6212728,1.4768059,1.6530154,2.3858173,1.2335905,1.515616,1.4617258,1.3209984,0.7050877,4.158655,3.11E+00,2.79695,2.95E+00,3.04668,-7.13E-02,2.97533345,0.232090926,0.237656314,3.356425,-2.24E-01,3.13E+00,0.128877814,0.135977744,0.235676889,0.24662973,4.243097427,4.054661213,0.332316848,0.348979767,1.173395248,1.510117338,0.252,0.34,2.293968633,2.777819867,0.203,0.178
44,2.820515,2.572435,5.39295,0.250701301,0.131116881,0.1681915,3.136815,3.3050065,0.942111651,0.541810844,0.11241679,0.423663625,2.360363131,2.832755,1.52E+00,4.35E+00,0.249618051,1.63E-01,0.192237,3.24E+00,3.43E+00,0.934389219,0.454435235,0.113974958,0.328375222,3.04529676,2.84308,1.93E+00,4.78E+00,0.248711532,1.48E-01,0.1818265,3.18E+00,3.36E+00,0.938048095,0.494967635,0.113223958,0.369191005,2.708625039,-0.268932148,-0.262411463,0.080163116,0.068344008,0.310962698,-0.087534985,0.03754734,-0.144654269,-0.059714522,0.251171103,-0.07566482,-0.112677903,-0.286530164,-0.057880652,20.724691,18.333162,23.442127,25.243979,29.011204,40.538967,31.220924,18.02856,18.386324,26.275404,23.68451,25.82763,16.599602,39.44099,3.0313258,2.9087117,3.1545348,3.2285876,3.367682,3.7022636,3.4410884,2.8919573,2.911607,3.2686334,3.1648211,3.2514448,2.8093786,3.6748056,2.66891,4.34E+00,5.44276,4.79E+00,5.671905,-8.91E-01,4.7813575,0.124668305,0.147888289,3.476575,2.54E-01,3.73E+00,0.106871539,0.104439194,0.423588779,0.332765322,2.360780194,3.00512083,0.541752177,0.458295324,1.993385903,1.053626759,0.084,0.003,2.159922286,2.140758356,0.059,0.129
45,2.74522,-2.404745,0.340475,0.257577455,2.076824381,-0.112665,0.383005,0.27034,1.041894225,0.452029258,1.447644283,0.326995684,3.058144336,2.76845,-2.70E+00,6.49E-02,0.255416129,1.09E+01,-0.132952,4.32E-01,2.99E-01,1.04919582,0.009972808,2.663140444,0.056331902,17.75193023,2.75982,-2.65E+00,1.09E-01,0.256214819,6.49E+00,-0.121372,3.27E-01,2.05E-01,1.044959606,0.151985706,2.596664213,0.137991885,7.246802974,0.296893388,0.159583052,0.525123542,0.26256966,0.130547861,-0.005068074,0.537519792,0.621605594,0.254672123,0.184661404,0.320155616,0.137848825,0.3396045,0.47595458,3.3289864,3.267011,2.582673,2.067063,3.838782,19.270096,2.072672,2.4339802,4.1068635,8.648104,1.8347006,1.5905198,9.421299,2.515177,1.2026678,1.1838754,0.94882494,0.7261288,1.3451551,2.9585545,0.72883856,0.88952786,1.4126596,2.15734,0.6068813,0.46406087,2.242973,0.9223432,3.031895,1.58E-01,0.3801935,1.66E-01,0.376042,-9.03E-01,-0.5272195,1.880393098,-1.341199977,0.287738,-2.35E-01,5.23E-02,1.347582486,,0.339317482,,2.947092485,,0.465252427,,0.657578023,0.770861819,0.54,0.613,1.638599205,2.241985734,0.296,0.273
46,3.49945,-0.4393135,3.0601365,0.202062262,0.23107034,0.35756,2.70146,3.05902,0.902870582,0.368013688,0.136871343,0.259732075,3.850121329,3.45626,-1.43E+00,2.03E+00,0.204587265,3.49E-01,0.3392945,1.91E+00,2.25E+00,0.906496503,0.329489747,0.192786394,0.233799813,4.277163393,3.46493,-1.12E+00,2.35E+00,0.204075344,3.02E-01,0.348887,2.12E+00,2.47E+00,0.904212461,0.348730088,0.172556033,0.246120737,4.063046496,0.411195589,0.406997455,0.383056149,0.235315789,0.271629903,-0.005404204,0.531927651,0.526146811,0.557797726,0.298179469,0.383737806,0.497885185,0.294914257,0.155781407,3.3658886,4.176982,2.5546224,1.0170325,4.687507,35.849133,6.5199223,1.6768342,2.706816,13.784279,2.3881392,1.803422,3.888841,4.5994215,1.213692,1.4295889,0.9379044,0.016889077,1.5449009,3.5793195,1.8748624,0.51690763,0.995773,2.6235287,0.8705145,0.589686,1.3581111,1.5259305,3.719325,1.98E+00,2.965585,2.32E+00,2.83373,-8.63E-01,1.970525,0.249532165,0.358841822,2.832145,-6.40E-01,2.19E+00,0.147826378,0.197991025,0.259782616,0.233380581,3.849372282,4.284846642,0.368085266,0.328734101,1.039924496,0.548439981,0.518,0.505,1.337772901,1.337008492,0.288,0.317
47,2.99545,1.87043,4.86588,0.236060285,0.145319404,-0.06065885,4.85058,4.78992115,1.020456759,0.373667284,0.086978596,0.263754654,3.791402291,2.96546,5.19E-01,3.48E+00,0.238447587,2.03E-01,-0.0700727,3.32E+00,3.25E+00,1.023911014,0.393489054,0.126050981,0.278274048,3.593579813,2.99784,1.18E+00,4.18E+00,0.235872088,1.69E-01,-0.0579996,4.05E+00,3.99E+00,1.019535498,0.38469469,0.103370461,0.272265431,3.672886402,0.004495171,0.134229653,0.356003122,-0.071140109,-0.099773224,-0.038625365,0.020972566,-0.123117361,-0.094753557,0.553403561,0.05646553,0.072375459,0.017607382,0.070332424,6.4206,7.3143005,4.6270375,6.020108,9.510224,37.01693,2.3343205,2.5087135,5.0319967,2.051519,1.9156876,3.2836912,12.021984,6.8028035,1.8595116,1.9898314,1.5319169,1.7951052,2.2523675,3.6113753,0.84772086,0.91977006,1.6158168,0.7185804,0.65007657,1.1889682,2.486737,1.9173348,2.884905,3.50E+00,4.92849,4.20E+00,4.631635,-6.18E-01,4.0140745,0.152668935,0.176156865,4.502735,-7.42E-01,3.76E+00,0.092157765,0.109079356,0.26706996,0.277158896,3.744337257,3.608038616,0.37826145,0.391887119,0.771246703,0.981528909,0.005,-0.113,3.520774386,3.42043211,0.148,0.104
48,3.36449,1.607245,4.971735,0.210167598,0.142225356,0.38179,3.52566,3.90745,0.892725321,0.455694396,0.099895454,0.330355578,3.027041364,3.25342,-1.93E-01,3.06E+00,0.217342606,2.31E-01,0.366184,2.65E+00,3.02E+00,0.893549488,0.372872369,0.138052523,0.263168061,3.799853201,3.29802,3.73E-01,3.67E+00,0.214403424,1.93E-01,0.37547,2.90E+00,3.27E+00,0.892394396,0.409924705,0.123616877,0.290902225,3.437581138,0.256466688,0.082966128,0.213753097,0.090678912,0.478635399,-0.028250804,0.073385113,0.119968492,0.366834234,-0.109226692,-0.261395345,-0.07594351,0.125770525,0.396895136,6.514606,2.8147562,2.6326363,2.7586942,8.760774,36.504063,14.41576,2.3121269,13.256249,7.6546044,2.5288703,7.339205,3.2541962,2.8756704,1.8740467,1.0348756,0.96798575,1.0147574,2.1702843,3.5974236,2.668322,0.83816785,2.584469,2.0353074,0.9277727,1.9932305,1.1799453,1.0562859,3.26779,2.99E+00,4.82895,3.62E+00,4.53942,-1.23E+00,3.313065,0.155770293,0.213429794,3.58454,-3.24E-01,3.26E+00,0.109025033,0.127763598,0.328801687,0.263811268,3.041346924,3.790588663,0.454004969,0.373746228,3.39157336,0.719518815,0.042,0.111,3.007796966,3.101222818,-0.171,0.024
49,2.967875,-0.6151635,2.3527115,0.238253559,0.300549719,-0.05906455,2.62577,2.56670545,1.020100644,0.335895121,0.167963929,0.237990567,4.201847204,3.0079,-1.11E+00,1.90E+00,0.235083208,3.73E-01,-0.03155185,2.58E+00,2.55E+00,1.01054487,0.261461284,0.182422787,0.193020347,5.180800969,3.01291,-9.64E-01,2.05E+00,0.234692301,3.45E-01,-0.0435504,2.52E+00,2.48E+00,1.01455957,0.298457915,0.180325731,0.21457609,4.660351479,0.124820289,0.396285556,0.125745527,0.123437066,0.249868634,-0.111330728,0.445627463,0.034453822,0.293384721,0.280117453,0.188931525,0.082982145,0.583389888,0.547594093,4.2847137,1.3959632,3.9386573,4.662943,8.323156,25.467966,4.7778244,2.436305,6.167519,5.090318,6.0846357,3.9666827,4.4770536,3.0386603,1.4550537,0.33358464,1.3708398,1.5396467,2.1190414,3.2374215,1.5639853,0.89048254,1.8192967,1.6273403,1.8057668,1.3779302,1.4989651,1.1114167,3.114965,1.90E+00,2.3536,2.05E+00,2.41939,-6.54E-01,1.765212,0.292266555,0.400578957,2.629785,-2.34E-01,2.40E+00,0.163728649,0.194842661,0.238865121,0.191322912,4.186463035,5.226765528,0.337239472,0.257415609,1.518647283,1.029691897,0.506,0.039,2.418531826,3.949635402,0.23,0.169
50,2.765575,2.276125,5.0417,0.255681651,0.140251657,-0.0558985,3.533155,3.4772565,1.020417903,0.501726962,0.108974797,0.376450063,2.656394827,2.692185,3.21E-01,3.01E+00,0.262651631,2.35E-01,-0.0810057,2.12E+00,2.04E+00,1.030546457,0.508480503,0.185134964,0.382960582,2.611234805,2.73687,1.01E+00,3.75E+00,0.258363306,1.89E-01,-0.07653405,2.64E+00,2.56E+00,1.028358744,0.504668389,0.147790763,0.379446311,2.635418957,0.354073455,0.087634439,0.128786766,0.059751973,-0.081457204,0.249521797,0.099458194,0.260725041,0.562493831,0.357125436,0.302326764,0.051276091,0.040967846,0.287969511,4.8356204,6.284438,14.131145,10.925771,9.497802,34.885624,6.6151457,8.526072,4.961822,6.7318377,3.0806108,4.384756,19.317135,12.575325,1.5760094,1.8380765,2.6483812,2.3911242,2.2510605,3.552075,1.8893619,2.1431286,1.601773,1.9068482,1.1251279,1.478134,2.9609926,2.5317366,2.63289,3.05E+00,5.120395,3.77E+00,4.549885,-1.23E+00,3.322905,0.155412012,0.212797772,3.090485,-8.48E-01,2.24E+00,0.122249362,0.168270472,0.38224418,0.38472529,2.61612878,2.599257253,0.506999815,0.509225588,1.827179365,1.416559847,0.096,0.276,3.512233379,3.381306872,0.006,0.048
51,2.60758,0.4068565,3.0144365,0.271173571,0.234573454,0.09168665,1.84425,1.93593665,0.9654494,0.526122219,0.193240774,0.404279854,2.47353409,2.76877,1.22E+00,3.99E+00,0.255386609,1.77E-01,0.155244,2.66E+00,2.81E+00,0.945473269,0.493618069,0.135390313,0.369124199,2.709115258,2.689965,7.11E-01,3.40E+00,0.262868395,2.08E-01,0.12035,2.15E+00,2.27E+00,0.95624573,0.512466365,0.165907026,0.388832817,2.571799385,0.112006183,-0.043848704,-0.176407916,0.072316282,0.166686977,0.225271426,-0.181773352,-0.119918428,0.308484846,-0.158980292,-0.258776819,0.120224624,-0.038938158,0.187581292,28.358763,26.983244,21.233091,19.423344,30.424126,37.326252,18.491383,21.381258,21.006071,21.075804,13.478095,21.33577,32.187355,32.22706,3.3449361,3.295216,3.0555608,2.9664757,3.415236,3.6196969,2.9173048,3.0625148,3.0448115,3.0481257,2.6010659,3.060385,3.4715736,3.4728065,2.62611,4.01E+00,3.074475,3.42E+00,3.461145,1.18E-01,3.5789295,0.204298514,0.19757494,2.202795,2.75E-01,2.48E+00,0.169587738,0.153046631,0.40795552,0.375017583,2.451247628,2.666541638,0.529175396,0.500406906,1.790171034,1.069349748,0.255,0.007,3.060055271,2.967602512,0.254,0.293
52,2.785955,-0.6320565,2.1538985,0.253811272,0.328291598,0.0274732,0.8158425,0.8433157,0.990187141,0.676021826,0.460609716,0.663135305,1.507987877,2.77634,-1.69E+00,1.09E+00,0.254690269,6.51E-01,0.0656275,1.44E+00,1.51E+00,0.976639057,0.249471371,0.311975069,0.186764431,5.354338601,2.747415,-1.53E+00,1.22E+00,0.257371668,5.80E-01,0.0231626,9.13E-01,9.37E-01,0.99160475,0.463748425,0.414268593,0.337819348,2.960162009,-0.023232832,0.23987664,0.184911921,0.10089332,0.235668949,-0.269563707,0.381741758,0.137998624,0.030410414,0.360621892,0.198948625,0.153584884,0.128630016,0.095665524,9.186663,8.449151,12.765586,17.970297,4.232391,41.94625,7.9985194,4.3378043,14.720588,6.213937,18.416548,9.699246,6.8694677,5.908846,2.2177527,2.1340659,2.546753,2.8887203,1.442767,3.7363892,2.0792565,1.4673682,2.6892471,1.8267946,2.9132495,2.2720482,1.9270866,1.7764505,2.911415,1.11E+00,2.16253,1.23E+00,2.177755,-1.28E+00,0.89785,0.324695285,0.787555584,0.863577,4.20E-01,1.28E+00,0.447142795,0.37096395,0.654749317,0.181583151,1.527302089,5.507118897,0.672640272,0.239343974,1.777694945,1.451106757,0.316,0.188,3.363689283,2.746760491,0.022,0.053
53,2.175705,-0.5152655,1.6604395,0.325001221,0.425855191,0.07755625,4.272135,4.34969125,0.964981362,0.072831817,0.141251384,0.099113252,10.08946813,2.172845,-1.74E+00,4.33E-01,0.325429003,1.63E+00,0.0945746,3.39E+00,3.48E+00,0.957407948,0.000323923,0.298108672,0.032365719,30.89688842,2.186385,-1.21E+00,9.79E-01,0.323413663,7.22E-01,0.09263235,3.69E+00,3.78E+00,0.958517161,0.020990878,0.193896888,0.06727026,14.86541005,-0.041169538,0.199528047,0.018137596,0.314162857,0.195330464,0.023806139,-0.014311843,0.145171147,0.198715942,0.139536314,0.393950228,0.163965862,0.132788236,0.357466188,4.0586433,5.737185,2.7272954,2.6223423,6.4508467,22.89686,2.693592,2.4133193,4.165212,4.0571933,3.3836498,2.908766,4.331453,3.7307594,1.4008487,1.7469686,1.0033104,0.96406794,1.8642114,3.1309998,0.99087566,0.88100314,1.4267672,1.4004915,1.2189549,1.067729,1.465903,1.3166118,2.223985,7.56E-01,1.9466,1.24E+00,1.777235,-1.02E+00,0.755465,0.397869039,0.935988803,4.471575,-2.14E-01,4.26E+00,0.134963533,0.205700874,0.103193285,0.046072961,9.690552978,21.7047044,0.080779738,0.003569424,0.842058645,0.717704071,-0.029,0.154,3.129863474,3.235086679,0.055,0.057
54,4.41509,1.006405,5.421495,0.160156822,0.13042653,0.005738175,3.85246,3.858198175,0.998701171,0.490834445,0.098849608,0.364839315,2.740932673,4.15052,-7.80E-01,3.37E+00,0.170365829,2.10E-01,0.00615195,2.74E+00,2.75E+00,0.998518886,0.442569262,0.14336646,0.317907018,3.145573842,4.217115,-1.50E-01,4.07E+00,0.16767548,1.74E-01,0.00519281,3.10E+00,3.10E+00,0.998769392,0.466276646,0.124987626,0.340362074,2.938047671,0.636248145,0.462580202,0.355013733,0.235801069,-0.013766438,0.095432799,0.295754239,0.461676068,0.62523525,0.469645153,0.569403041,0.441889209,0.34348351,0.333296692,2.2894986,4.4576507,3.6403735,14.58626,9.174568,26.410389,13.214477,3.3389645,3.9386258,3.8000445,2.3546422,3.8602507,3.2907462,1.8942581,0.82833284,1.4946219,1.2920862,2.68008,2.2164354,3.2737575,2.581313,1.2056607,1.3708318,1.3350128,0.85638875,1.3507321,1.1911143,0.63882726,4.422475,3.27E+00,5.118475,3.96E+00,4.733635,-1.16E+00,3.575875,0.149379236,0.197743708,3.35659,-4.65E-01,2.89E+00,0.113535083,0.135981527,0.366153823,0.321059839,2.731092611,3.114684178,0.492090055,0.445442004,2.693985776,0.876291635,0.549,0.454,1.044329691,1.109106476,0.436,0.375
55,2.93306,1.054535,3.987595,0.241081594,0.17732663,-0.0375097,2.62868,2.5911703,1.012870713,0.522146128,0.144653953,0.399560168,2.502751974,2.92448,-8.23E-02,2.84E+00,0.241788893,2.49E-01,-0.0450289,1.95E+00,1.90E+00,1.015516381,0.512351938,0.19828716,0.388060247,2.576919454,2.94378,3.37E-01,3.28E+00,0.240203677,2.16E-01,-0.0397927,2.21E+00,2.17E+00,1.013609327,0.516756591,0.173324253,0.391686514,2.553062114,0.378206992,0.323219648,0.563681537,0.069355534,0.481769624,-0.083117181,0.45752826,0.292268782,0.335557815,0.551615138,0.250660256,0.002385696,0.654775572,0.031683789,2.2973032,3.99105,2.9916902,2.5944057,6.7741575,38.618237,2.125906,2.3843255,8.747093,1.7260395,2.323609,1.7533653,5.3561316,4.8275933,0.8317359,1.3840543,1.0958385,0.95335746,1.913115,3.6537247,0.7541981,0.8689163,2.1687214,0.5458295,0.84312165,0.56153697,1.678242,1.5743481,2.89347,2.85E+00,4.04011,3.28E+00,3.866345,-9.48E-01,2.9179185,0.182887658,0.242332602,2.48499,-5.47E-01,1.94E+00,0.15056354,0.194127566,0.403964369,0.390885558,2.47546585,2.558293547,0.525858404,0.514670465,0.816184568,0.730601556,0.463,0.304,2.05290065,2.160723833,0.144,0.077
56,4.244645,1.14339,5.388035,0.166587967,0.131236486,-0.006686335,4.84696,4.840273665,1.001576481,0.407246161,0.083673828,0.289019798,3.459970588,3.97678,-5.38E-01,3.44E+00,0.177808876,2.06E-01,-0.00515931,3.78E+00,3.77E+00,1.001298201,0.334090105,0.114618684,0.236397856,4.230156809,4.08368,4.67E-02,4.13E+00,0.173154307,1.71E-01,-0.004306405,4.14E+00,4.14E+00,1.001055096,0.367292964,0.101184052,0.259331727,3.856065014,0.488477724,0.329990402,0.324374396,-0.078750053,-0.174566594,-0.06494468,0.350795693,0.647473541,0.303962826,0.257940163,0.660744671,0.560073776,0.38315299,0.286267531,4.9882674,4.25149,1.2190177,8.951733,8.621121,36.56993,3.1171587,1.9391445,8.606144,5.154131,1.9880983,1.2839007,4.5110617,3.621649,1.6070887,1.4472696,0.1980454,2.191847,2.154215,3.5992262,1.1369219,0.6622469,2.1524763,1.6397985,0.68717855,0.24990289,1.5065325,1.2869295,4.18151,3.30E+00,5.097765,4.02E+00,4.98706,-1.06E+00,3.931685,0.141788304,0.179848279,4.474395,-1.99E-01,4.28E+00,0.090481999,0.100716998,0.289385905,0.238740332,3.455593321,4.18865129,0.40770926,0.337047922,0.841968369,0.586858123,0.356,0.661,1.554858418,1.091064803,0.379,0.343
57,3.007155,0.332285,3.33944,0.235141448,0.211744119,-0.0525712,2.733205,2.6806338,1.017635744,0.448108648,0.146407089,0.323447097,3.091695705,3.05955,-7.61E-02,2.98E+00,0.231114635,2.37E-01,-0.02888545,2.48E+00,2.45E+00,1.009485785,0.440379303,0.161156209,0.316182387,3.162731517,3.046985,6.86E-02,3.12E+00,0.232067694,2.27E-01,-0.03846185,2.56E+00,2.52E+00,1.012702926,0.445587352,0.156057654,0.320941373,3.115833871,-0.029614736,0.087405156,0.287016215,0.174805811,-0.223617348,-0.274115088,-0.0179695,0.067665073,0.453699655,0.131393531,0.151539417,-0.005068851,0.011153202,0.057671347,9.306901,9.13638,4.588268,3.7718787,10.04779,34.43471,5.833001,8.266457,8.359371,4.182982,3.3019173,7.7106037,17.080883,4.489999,2.2307563,2.2122643,1.5235026,1.3275732,2.3073528,3.5390651,1.7635317,2.112206,2.1233833,1.4310244,1.1945033,2.0425966,2.83796,1.5018524,3.04161,2.98E+00,3.35638,3.12E+00,3.42631,-5.03E-01,2.922864,0.2063756,0.241922574,2.737215,-3.53E-01,2.38E+00,0.143202052,0.165319319,0.32500111,0.318325524,3.076912568,3.141438321,0.449831908,0.442358519,1.553765323,0.734174455,-0.017,0.285,1.856647955,2.444005866,0.045,0.096
58,3.825575,0.6382195,4.4637945,0.184836732,0.158409349,0.1044935,2.01523,2.1197235,0.97305521,0.621965711,0.173984246,0.54675414,1.828975635,3.781365,-1.65E-01,3.62E+00,0.186997759,1.96E-01,0.136978,2.32E+00,2.46E+00,0.96442377,0.506469542,0.153695088,0.380768423,2.626268197,3.770065,-6.84E-02,3.70E+00,0.187558247,1.91E-01,0.1156015,2.03E+00,2.14E+00,0.969802342,0.560571715,0.172474423,0.449164023,2.226358185,0.156557304,0.05623753,0.307525886,0.335804439,0.230486269,-0.122723244,0.3954042,0.424794771,0.284898457,0.570473713,0.545240819,0.168576317,0.393440729,0.159939428,4.496933,4.341397,1.7195622,2.0778909,3.6114469,37.67347,4.4069033,3.994985,3.5480354,8.373095,2.0196848,1.5061967,7.4653172,9.465445,1.5033956,1.4681962,0.54206973,0.7313534,1.2841085,3.628956,1.4831722,1.3850398,1.266394,2.1250236,0.7029415,0.40958777,2.010268,2.2476478,3.8598,3.51E+00,4.323725,3.65E+00,4.43595,-9.35E-01,3.50126,0.159403686,0.201957804,2.10421,2.20E-01,2.32E+00,0.175286776,0.161867199,0.547349422,0.39112993,1.826986491,2.556695162,0.622287012,0.514884098,0.875891471,0.68687273,0.407,0.589,1.452856522,2.110551834,0.162,0.29
59,1.432575,0.1541945,1.5867695,0.493591457,0.445626653,0.1820965,3.12801,3.3101065,0.880635634,0.124174633,0.16801703,0.124462631,8.034540073,1.45278,-7.44E-01,7.09E-01,0.486726677,9.98E-01,0.178517,2.16E+00,2.33E+00,0.88437015,0.03709383,0.292194702,0.078952456,12.66585052,1.453385,-4.66E-01,9.87E-01,0.486524067,7.16E-01,0.180113,2.44E+00,2.62E+00,0.883444721,0.070233412,0.235828731,0.097867341,10.21791321,0.046080776,0.023844285,0.230841604,0.188615874,0.196377904,-0.048572381,0.023652598,0.086743628,0.357936955,0.212869096,-0.061369827,0.240838597,0.056573047,0.396326308,7.0097966,5.8382673,2.9174354,5.6553836,7.931167,23.664705,6.008609,2.3608594,7.3806677,8.49925,7.0142164,4.693803,4.9847054,3.309474,1.9473087,1.7644341,1.0707049,1.732608,2.0708003,3.1639848,1.7931932,0.8590257,1.998864,2.139978,1.947939,1.5462431,1.6063743,1.1967893,1.44103,8.70E-01,1.856445,1.09E+00,1.54455,-7.42E-01,0.8020895,0.457807634,0.881580897,3.182775,-7.61E-01,2.42E+00,0.173823443,0.270422406,0.12599785,0.086001583,7.936643345,11.62769293,0.127371313,0.048850878,1.029060456,0.888327567,0.117,0.126,1.940366389,2.869129397,0.021,0.138
60,4.132395,1.25972,5.392115,0.171113067,0.131137185,-0.0733325,3.373925,3.3005925,1.017904154,0.542203095,0.112549564,0.424164521,2.357575777,3.913775,-5.15E-01,3.40E+00,0.180671291,2.08E-01,-0.04780435,3.41E+00,3.36E+00,1.012289284,0.371874491,0.124154961,0.2626936,3.806716271,3.870915,-4.18E-01,3.45E+00,0.182671741,2.05E-01,-0.0703257,2.85E+00,2.78E+00,1.018333757,0.446477875,0.141322942,0.322146522,3.104177545,0.33323158,0.311014211,0.568771883,0.589463236,0.049289912,0.096985747,0.500412791,0.259244605,0.492840785,0.325006711,0.19467158,0.360929819,0.284220692,0.483729804,2.8426185,2.5868716,8.4139185,3.731401,3.7012427,30.879503,2.3579338,2.000395,3.0726745,3.9926045,16.04138,1.7137419,2.9968758,4.721582,1.0447257,0.9504493,2.1298873,1.3167838,1.3086686,3.4300926,0.8577857,0.6933447,1.1225483,1.3844438,2.7751715,0.53867924,1.0975703,1.5521439,4.035235,3.31E+00,5.15174,3.42E+00,4.992625,-1.49E+00,3.49796,0.141630261,0.202148333,3.09464,3.53E-01,3.45E+00,0.120244373,0.120887363,0.418876421,0.263416721,2.387338962,3.796266221,0.538029296,0.373195693,0.680542089,0.717513976,0.524,0.378,1.765060291,2.011068659,0.381,0.341
61,2.855365,0.5231935,3.3785585,0.247641468,0.209292449,-0.07686535,3.716915,3.64004965,1.02728523,0.340480558,0.117929971,0.240985681,4.14962415,2.816935,-7.38E-01,2.08E+00,0.251019914,3.40E-01,-0.08087005,2.64E+00,2.56E+00,1.029124587,0.292233452,0.17578713,0.210927508,4.740965319,2.8612,-2.49E-01,2.61E+00,0.24713644,2.71E-01,-0.07702215,3.06E+00,2.98E+00,1.02728513,0.319225338,0.146996496,0.227335128,4.398792248,0.413614052,0.240901847,0.419906769,0.294606936,0.278291714,0.12769577,0.053159692,0.408635759,0.285021415,0.392708776,0.150221513,0.200167179,0.504216212,0.451520542,6.3687634,3.4856143,5.523985,7.755062,6.480629,33.579014,8.248585,1.1777843,10.287792,2.6660361,3.724217,5.3401895,3.3671796,3.598309,1.8514054,1.2486444,1.7090995,2.0483458,1.8688176,3.5139012,2.1100416,0.16363499,2.330958,0.9805928,1.3148566,1.6752611,1.2140754,1.280464,2.89444,2.10E+00,3.411935,2.64E+00,3.165155,-9.33E-01,2.2323315,0.223403524,0.316757068,3.381985,-6.78E-01,2.70E+00,0.126571153,0.165462833,0.242991123,0.214370906,4.115376684,4.664812126,0.343521584,0.297851787,2.168263657,0.492450552,0.132,0.49,2.09729107,1.61096446,0.264,0.293
62,2.778185,1.450805,4.22899,0.254521128,0.167204647,0.3130205,1.935945,2.2489655,0.893444678,0.587548015,0.163312621,0.488226071,2.048231464,2.9234,1.74E+00,4.66E+00,0.241878218,1.52E-01,0.323609,1.75E+00,2.07E+00,0.895210756,0.641723528,0.179909164,0.583496386,1.713806673,2.86292,1.55E+00,4.42E+00,0.246987964,1.60E-01,0.325968,1.86E+00,2.18E+00,0.89238415,0.610147025,0.168666791,0.526351212,1.899872132,0.082576465,-0.002911262,0.148745976,0.054353009,0.143408785,0.21002809,0.193178042,0.244508134,0.168948241,0.139467042,-0.01817623,0.011219637,0.106835504,0.248922294,3.7680225,5.149489,4.4953184,2.8168325,7.7440467,33.5214,7.1549225,1.4893167,4.6969724,8.9234,5.199223,2.5110705,10.471165,4.27537,1.3265504,1.6388974,1.5030365,1.0356131,2.0469244,3.5121841,1.9678006,0.39831743,1.5469182,2.188677,1.6485091,0.92070913,2.3486252,1.4528707,2.73722,4.66E+00,4.26314,4.46E+00,4.698095,-7.67E-02,4.62135185,0.150509256,0.153008644,2.473885,-4.79E-01,1.99E+00,0.148437728,0.18799111,0.493070919,0.601519529,2.028105819,1.662456417,0.590626205,0.649445918,1.470575777,0.418020205,0.182,0.245,3.058179771,2.296563388,0.125,0.15
63,2.970945,1.3378,4.308745,0.238007362,0.164109684,0.3326185,3.919345,4.2519635,0.894082579,0.372759514,0.098060806,0.263104555,3.800770386,2.925895,3.59E-02,2.96E+00,0.241671961,2.39E-01,0.318184,2.53E+00,2.85E+00,0.896956799,0.382199181,0.145178329,0.269531385,3.710143069,2.953085,5.24E-01,3.48E+00,0.239446809,2.03E-01,0.3250535,3.04E+00,3.37E+00,0.895769174,0.379790472,0.122945302,0.268365179,3.726265837,-0.15339171,-0.159233174,0.078056944,-0.213259831,0.146770067,-0.027038665,0.270014848,0.265252987,0.057309307,-0.153107714,0.117637151,-0.001037913,0.044808145,0.09658096,32.89211,27.03001,16.575222,21.902422,30.792992,36.82745,15.309337,14.20142,18.017782,18.617071,19.361258,4.51279,29.841387,32.723446,3.4932327,3.2969477,2.807909,3.0865972,3.427287,3.6062434,2.728463,2.653342,2.891359,2.924079,2.963274,1.5069157,3.3958962,3.4880917,2.91167,2.92E+00,4.28799,3.44E+00,3.95014,-7.64E-01,3.1865365,0.17900803,0.221904498,3.88579,-8.08E-01,3.08E+00,0.107192685,0.134561409,0.263936992,0.268852392,3.788783038,3.719513126,0.373921484,0.380707321,1.772863875,0.864978533,0.246,0.255,2.992274864,3.335299618,0.139,0.134
64,2.75669,-0.78779,1.9689,0.25650573,0.359137986,-0.0820031,3.028865,2.9468619,1.030193803,0.223866652,0.16453118,0.173472636,5.764597951,2.86167,-5.38E-01,2.32E+00,0.24709585,3.04E-01,-0.0456298,3.73E+00,3.69E+00,1.016072967,0.204718493,0.134480454,0.16366362,6.110093355,2.81812,-7.20E-01,2.10E+00,0.250914362,3.37E-01,-0.06471415,3.32E+00,3.25E+00,1.023229282,0.21240089,0.151230648,0.16762502,5.965696537,0.100159511,0.033323852,0.128154943,0.157053013,0.236516786,0.311161679,0.385055138,0.392589172,0.186785,0.377089783,-0.13337618,0.216194547,-0.116457998,0.171557796,7.8495383,3.581483,3.9742064,5.184637,6.6330404,37.892483,3.7622056,0.68040675,5.163565,9.533672,2.2145374,6.8557196,5.943133,2.3895814,2.0604546,1.275777,1.3798251,1.6456999,1.8920633,3.6347528,1.3250054,-0.3850645,1.6416273,2.25483,0.7950435,1.9250833,1.7822365,0.87111825,2.88056,2.37E+00,2.02418,2.10E+00,2.331075,-3.24E-01,2.0074,0.303339353,0.352250065,3.34463,9.42E-03,3.35E+00,0.142581449,0.15109136,0.18095695,0.155393096,5.526176254,6.435292327,0.238162625,0.18808863,1.060923974,0.608638885,0.421,0.356,2.021725029,1.828200389,0.19,0.078
